{"properties": [
  {
    "name": "spring.couchdb.database",
    "type": "java.lang.String",
    "description": "A description for 'spring.couchdb.database'"
  },
  {
    "name": "spring.couchdb.username",
    "type": "java.lang.String",
    "description": "A description for 'spring.couchdb.username'"
  },
  {
    "name": "spring.couchdb.password",
    "type": "java.lang.String",
    "description": "A description for 'spring.couchdb.password'"
  },
  {
    "name": "spring.couchdb.url",
    "type": "java.lang.String",
    "description": "A description for 'spring.couchdb.url'"
  },
  {
    "name": "projectname",
    "type": "java.lang.String",
    "description": "A description for 'projectname'"
  },
  {
    "name": "groupid",
    "type": "java.lang.String",
    "description": "A description for 'groupid'"
  }
]}